COAST,DIST_MAIN,DIST_SINK,ENDO,HYBAS_ID,MAIN_BAS,NEXT_DOWN,NEXT_SINK,ORDER,PFAF_ID,SORT,SUB_AREA,UP_AREA,area_km2,centroide_x,centroide_y,coef_compacidad,factor_forma,pendiente_max,pendiente_media,pendiente_min,perimetro_km,radio_circularidad,tiempo_concentracion_hr,Longest_Path_km
0,76.1,76.1,0,6080198810,6080033220,6080033220,6080033220,2,67204020,21775,820.2,820.6,820.18,-79.12399402814188,0.4378731860377191,1.53,2.35,47.76,9.66,0.0,155.59,0.43,0.55,0.0
0,76.3,76.3,0,6080198800,6080033220,6080033220,6080033220,1,67204030,21776,128.3,18802.1,128.34,-79.30640309827793,0.39541244659638025,1.68,2.81,40.25,2.55,0.0,67.32,0.36,0.24,0.0
0,79.9,79.9,0,6080199190,6080033220,6080198800,6080033220,2,67204041,21777,142.9,10428.3,142.95,-79.44637160741644,0.40179333150666235,1.38,1.91,35.52,4.7,0.0,58.62,0.52,0.24,0.0
0,80.0,80.0,0,6080199250,6080033220,6080198800,6080033220,1,67204050,21778,2506.8,8245.4,2506.76,-78.84848012856811,0.19228620084936426,2.01,4.04,79.74,14.34,0.0,356.79,0.25,0.96,0.0
0,99.0,99.0,0,6080201530,6080033220,6080199190,6080033220,2,67204043,21779,608.6,6159.0,608.57,-79.28343429784044,0.2250699369705314,2.11,4.44,27.47,3.62,0.0,184.32,0.23,0.5,0.0
0,99.0,99.0,0,6080201430,6080033220,6080199190,6080033220,3,67204042,21780,4126.0,4126.3,4126.05,-79.609797531624,0.010692550748985907,1.81,3.26,49.56,7.8,0.0,411.21,0.31,1.18,0.0
0,132.8,132.8,0,6080205100,6080033220,6080201530,6080033220,2,67204045,21781,614.2,5059.3,614.23,-79.2639303694852,0.008063300368357033,1.59,2.52,23.87,3.81,0.0,139.6,0.4,0.48,0.0
0,132.8,132.8,0,6080205110,6080033220,6080201530,6080033220,3,67204044,21782,490.7,490.9,490.74,-79.1216232178442,0.08246782159242279,1.47,2.17,36.93,6.37,0.0,115.66,0.46,0.43,0.0
0,179.4,179.4,0,6080210500,6080033220,6080205100,6080033220,3,67204046,21784,1696.4,1696.4,1696.45,-78.82782719834371,-0.14626796569609685,1.53,2.34,66.37,16.09,0.0,223.38,0.43,0.77,0.0
0,194.2,194.2,0,6080204520,6080033220,6080199250,6080033220,1,67204070,21785,904.8,4714.3,904.8,-78.45295752958167,0.08759365084730862,1.88,3.53,63.89,21.03,0.0,200.4,0.28,0.59,0.0
0,194.2,194.2,0,6080204220,6080033220,6080199250,6080033220,2,67204060,21786,1024.8,1025.0,1024.79,-78.49501626508454,0.37368520251258724,1.34,1.79,62.21,19.93,0.0,151.88,0.56,0.6,0.0
0,248.8,248.8,0,6080209040,6080033220,6080204520,6080033220,2,67204080,21790,1119.8,1119.8,1119.79,-78.14373336476697,0.00822781494936333,1.4,1.95,57.36,13.6,0.0,165.65,0.51,0.63,0.0
0,19.3,19.3,0,6080187580,6080033350,6080033350,6080033350,1,67205043,21795,244.6,2957.4,244.62,-78.88931943409132,1.0574875466261335,1.64,2.68,19.04,2.38,0.0,90.79,0.37,0.32,0.0
0,19.3,19.3,0,6080187570,6080033350,6080033350,6080033350,2,67205042,21796,2950.5,2950.9,2950.47,-78.99924476158013,0.7251352862260579,1.5,2.26,56.22,8.93,0.0,289.32,0.44,0.99,0.0
0,41.4,41.4,0,6080188520,6080033350,6080187580,6080033350,1,67205045,21797,446.0,1876.6,445.96,-78.77933492274221,0.9279942966337185,1.37,1.89,34.04,6.2,0.0,102.86,0.53,0.41,0.0
0,41.6,41.6,0,6080188410,6080033350,6080187580,6080033350,2,67205044,21798,835.9,836.2,835.95,-78.67436051670803,1.095284776891494,1.27,1.61,45.2,5.68,0.0,129.93,0.62,0.54,0.0
0,87.6,87.6,0,6080191890,6080033350,6080188520,6080033350,2,67205046,21799,345.0,345.1,345.04,-78.60486281140498,0.8228847148060278,1.25,1.57,67.62,12.62,0.0,82.6,0.64,0.36,0.0
0,87.8,87.8,0,6080191990,6080033350,6080188520,6080033350,1,67205047,21800,219.8,1085.7,219.8,-78.6822137937009,0.7342073498506945,1.48,2.19,70.25,16.68,0.31,77.84,0.46,0.3,0.0
0,117.0,117.0,0,6080195160,6080033350,6080191990,6080033350,1,67205049,21801,514.8,514.9,514.79,-78.55834047801338,0.5977284204147391,1.27,1.61,69.76,18.47,0.0,102.15,0.62,0.43,0.0
0,117.0,117.0,0,6080195300,6080033350,6080191990,6080033350,2,67205048,21802,351.2,351.2,351.25,-78.69639347559038,0.4922700477403194,1.47,2.16,68.23,19.83,0.31,97.63,0.46,0.37,0.0
0,115.6,115.6,0,6080185760,6080033410,6080182880,6080033410,1,67205065,21807,286.4,5348.4,286.44,-78.49035239991358,0.9725598496397412,2.03,4.11,62.06,11.7,0.0,121.56,0.24,0.35,0.0
0,115.6,115.6,0,6080185550,6080033410,6080182880,6080033410,2,67205064,21808,1604.9,1605.2,1604.9,-78.24156602906311,0.9776973428827466,1.67,2.79,75.36,17.53,0.0,237.13,0.36,0.76,0.0
0,162.0,162.0,0,6080191440,6080033410,6080185760,6080033410,1,67205067,21809,1338.0,4437.2,1337.98,-78.20791474299669,0.6839539451229959,1.52,2.32,64.59,22.44,0.0,197.5,0.43,0.69,0.0
0,162.0,162.0,0,6080191500,6080033410,6080185760,6080033410,2,67205066,21810,625.2,625.3,625.2,-78.39303265402921,0.6852315523514486,1.4,1.95,71.05,17.76,0.0,123.89,0.51,0.48,0.0
0,231.5,231.5,0,6080198470,6080033410,6080191440,6080033410,1,67205069,21811,1919.5,1919.6,1919.54,-77.90659828112605,0.48895713213388187,1.55,2.42,66.23,16.41,0.0,241.36,0.41,0.81,0.0
0,231.5,231.5,0,6080198460,6080033410,6080191440,6080033410,2,67205068,21812,1179.4,1179.7,1179.43,-78.20757102475739,0.29668254856791826,1.3,1.7,60.76,13.94,0.0,158.8,0.59,0.63,0.0
0,363.3,363.3,0,6080189030,6080033560,6080188320,6080033560,2,67206047,21837,1061.4,1446.2,1061.38,-77.62144048608766,0.8632436760244436,1.84,3.38,61.57,11.66,0.0,212.23,0.3,0.64,0.0
0,412.6,412.6,0,6080192000,6080033560,6080189030,6080033560,2,67206049,21839,144.4,144.5,144.38,-77.80069508577594,0.7552587521058698,1.58,2.5,32.97,7.85,0.0,67.4,0.4,0.25,0.0
0,412.6,412.6,0,6080191830,6080033560,6080189030,6080033560,3,67206048,21840,240.7,240.7,240.71,-77.86079910802113,0.803794303940922,1.53,2.36,50.09,10.41,0.0,84.45,0.42,0.31,0.0
0,3865.9,3865.9,0,6080225830,6080007000,6080244980,6080007000,2,62297495,8937,9059.3,23973.6,9059.37,-75.09565940705733,-0.16661186680254902,2.11,4.47,14.34,1.94,0.0,713.38,0.22,1.74,0.0
0,4035.2,4035.2,0,6080213650,6080007000,6080221020,6080007000,3,62297865,9227,3196.3,6729.4,3196.28,-76.71729660921358,-0.07111329464675392,2.52,6.37,46.04,3.0,0.0,505.92,0.16,1.11,11.728
0,4035.2,4035.2,0,6080213560,6080007000,6080221020,6080007000,4,62297864,9228,2015.1,2015.2,2015.1,-76.2144997935617,-0.07417191599547267,1.54,2.38,16.66,2.41,0.0,245.35,0.42,0.83,0.0
0,4123.3,4123.3,0,6080217860,6080007000,6080217190,6080007000,3,62297881,9334,949.7,5568.8,949.74,-77.1760327461463,-0.1834460985852997,2.1,4.4,59.5,4.44,0.0,229.09,0.23,0.62,97.942
0,4176.1,4176.1,0,6080205770,6080007000,6080225830,6080007000,2,62297497,9397,3148.0,9285.8,3148.05,-76.30768244641683,0.43001871346548304,2.01,4.04,25.16,2.51,0.0,399.71,0.25,1.06,0.0
0,4176.4,4176.4,0,6080205880,6080007000,6080225830,6080007000,3,62297496,9398,5628.3,5628.5,5628.34,-76.87596617291861,0.29862207407469143,2.01,4.05,76.81,7.3,0.0,535.4,0.25,1.39,0.0
0,4267.7,4267.7,0,6080206910,6080007000,6080213650,6080007000,4,62297866,9479,639.2,639.2,639.16,-77.59611047172152,0.03401271866391649,1.58,2.49,64.12,19.46,0.0,141.35,0.4,0.49,63.812000000000005
0,4267.9,4267.9,0,6080206700,6080007000,6080213650,6080007000,3,62297867,9480,348.5,2894.4,348.52,-77.46457463635116,0.13832321588411053,1.29,1.65,64.12,10.03,0.0,85.13,0.6,0.36,0.0
0,4280.1,4280.1,0,6080212320,6080007000,6080211220,6080007000,4,62297884,9490,935.9,935.9,935.87,-77.85130445290173,-0.04218829857650811,1.4,1.97,81.12,22.53,0.0,152.12,0.51,0.58,69.257
0,4293.3,4293.3,0,6080203670,6080007000,6080206700,6080007000,3,62297869,9509,1095.3,1095.6,1095.35,-77.52449120564718,0.5503231337033875,1.69,2.86,74.82,22.66,0.0,198.51,0.35,0.64,0.0
0,4293.3,4293.3,0,6080203660,6080007000,6080206700,6080007000,4,62297868,9510,1450.3,1450.3,1450.34,-77.70917096580705,0.29562853161704267,1.47,2.16,66.62,26.65,0.31,198.57,0.46,0.71,0.0
0,0.0,0.0,0,6080033070,6080033070,0,6080033070,1,67203092,21766,657.7,657.7,657.72,-79.95891421026627,-0.042960765293029016,1.77,3.14,46.2,11.7,0.0,161.06,0.32,0.51,0.0
0,0.0,0.0,0,6080033090,6080033090,0,6080033090,1,67203094,21768,287.4,287.6,287.36,-79.94477706906164,0.11147345630130405,1.42,2.01,49.62,9.17,0.0,85.29,0.5,0.34,0.0
0,0.0,0.0,0,6080033110,6080033110,0,6080033110,1,67203096,21770,350.8,350.8,350.79,-79.86578036206559,0.29437106820937375,1.37,1.86,42.39,8.26,0.0,90.67,0.54,0.37,0.0
0,0.0,0.0,0,6080033130,6080033130,0,6080033130,1,67203098,21772,472.2,472.2,472.21,-79.87275248219076,0.514885461450138,1.49,2.22,38.2,8.97,0.0,114.73,0.45,0.42,0.0
0,0.0,0.0,0,6080033220,6080033220,0,6080033220,1,67204010,21774,2003.9,21626.5,2003.95,-79.62218579992604,0.6395134959004616,1.65,2.73,47.55,12.34,0.0,262.41,0.37,0.84,0.0
0,0.0,0.0,0,6080033270,6080033270,0,6080033270,1,67205020,21792,916.0,916.0,915.97,-79.38152932259422,0.7515712040834676,1.69,2.86,45.32,10.4,0.0,181.52,0.35,0.59,0.0
0,0.0,0.0,0,6080033350,6080033350,0,6080033350,1,67205041,21794,317.9,6226.6,317.91,-78.94621242452364,1.1482285765820617,1.86,3.47,18.97,2.12,0.0,117.66,0.29,0.37,0.0
1,0.0,0.0,0,6080033060,6080033060,0,6080033060,0,67203091,21765,227.5,227.5,227.46,-80.15843117550442,-0.12495418088698924,1.55,2.4,40.81,12.46,0.0,82.74,0.42,0.31,0.0
1,0.0,0.0,0,6080033080,6080033080,0,6080033080,0,67203093,21767,201.7,201.7,201.66,-80.02115229520584,0.174271951036415,2.56,6.57,40.63,4.71,0.0,129.07,0.15,0.31,0.0
1,0.0,0.0,0,6080033100,6080033100,0,6080033100,0,67203095,21769,50.2,50.2,50.15,-79.92961159506561,0.1927940576705328,1.69,2.86,21.36,4.01,0.0,42.47,0.35,0.15,0.0
1,0.0,0.0,0,6080033120,6080033120,0,6080033120,0,67203097,21771,236.3,236.6,236.34,-79.98314475470517,0.3984804568898614,2.36,5.6,23.49,4.24,0.0,128.91,0.18,0.33,0.0
1,0.0,0.0,0,6080033140,6080033140,0,6080033140,0,67203099,21773,1032.8,1032.8,1032.85,-79.91000029691426,0.7504909627782202,1.61,2.58,39.72,9.06,0.0,182.95,0.39,0.62,0.0
1,0.0,0.0,0,6080033230,6080033230,0,6080033230,0,67205010,21791,296.5,296.5,296.49,-79.52231636264226,0.9445515140295567,1.77,3.13,42.63,10.96,0.0,108.07,0.32,0.35,0.0
1,0.0,0.0,0,6080033280,6080033280,0,6080033280,0,67205030,21793,877.4,877.4,877.36,-79.22718201243707,1.0100842904330614,2.07,4.27,30.41,6.3,0.0,216.95,0.23,0.59,0.0
1,0.0,0.0,0,6080033360,6080033360,0,6080033360,0,67205050,21803,1102.5,1102.5,1102.45,-78.79784247600658,1.3719275464598926,2.92,8.5,32.23,2.6,0.0,343.23,0.12,0.69,0.0
0,129.1,129.1,0,6080318180,6080032100,6080319770,6080032100,2,67108040,21613,1188.5,1188.5,1188.49,-80.20521939154675,-4.220114277266857,1.7,2.89,46.11,9.63,0.0,207.93,0.35,0.66,0.0
0,173.5,173.5,0,6080311990,6080032100,6080316110,6080032100,1,67108091,21617,400.2,4209.5,400.2,-79.98533849760052,-4.2282752631143605,1.6,2.56,46.83,18.72,0.0,113.57,0.39,0.4,0.0
0,173.7,173.7,0,6080312270,6080032100,6080316110,6080032100,2,67108081,21618,432.4,2836.5,432.45,-79.97321667156083,-4.384540003432282,1.49,2.21,53.48,12.95,0.0,109.59,0.45,0.41,0.0
0,207.4,207.4,0,6080315420,6080032100,6080312270,6080032100,2,67108083,21621,122.1,2219.8,122.12,-79.83888644545269,-4.4614297270894125,1.31,1.73,47.5,19.8,0.0,51.52,0.58,0.22,0.0
0,207.4,207.4,0,6080315170,6080032100,6080312270,6080032100,3,67108082,21622,184.0,184.0,183.96,-79.80615831988392,-4.3724878526929505,1.23,1.51,50.0,20.07,0.31,59.06,0.66,0.27,0.0
0,210.5,210.5,0,6080309660,6080032100,6080311990,6080032100,1,67108093,21623,216.4,3550.2,216.36,-79.85008071579612,-4.142825128268146,1.44,2.07,46.32,22.55,0.0,74.98,0.48,0.29,0.0
0,210.7,210.7,0,6080309850,6080032100,6080311990,6080032100,2,67108092,21624,259.4,259.4,259.38,-79.77843383909399,-4.275440909567632,1.33,1.77,51.89,22.52,0.31,75.95,0.57,0.32,0.0
0,224.8,224.8,0,6080318530,6080032100,6080315420,6080032100,2,67108085,21625,575.1,1934.8,575.08,-79.64829391481072,-4.456384727798702,1.23,1.51,55.34,21.48,0.0,104.51,0.66,0.45,0.0
0,225.9,225.9,0,6080307320,6080032100,6080309660,6080032100,1,67108095,21627,259.6,2877.7,259.61,-79.69685081056791,-4.1773188246659725,1.34,1.79,51.29,25.23,0.0,76.38,0.56,0.32,0.0
0,225.9,225.9,0,6080307210,6080032100,6080309660,6080032100,2,67108094,21628,456.1,456.1,456.1,-79.7256858903221,-4.0258851162559965,1.26,1.59,59.45,18.13,0.0,95.5,0.63,0.41,0.0
0,252.7,252.7,0,6080308930,6080032100,6080307320,6080032100,1,67108097,21633,568.1,2373.7,568.1,-79.51365388178424,-4.088861074319714,1.35,1.83,50.91,18.68,0.0,114.19,0.55,0.46,0.0
0,252.9,252.9,0,6080309050,6080032100,6080307320,6080032100,2,67108096,21634,244.2,244.2,244.18,-79.58289901324449,-4.270393284746123,1.2,1.45,55.5,17.82,0.0,66.62,0.69,0.3,0.0
0,266.5,266.5,0,6080318950,6080032100,6080319330,6080032100,2,67108089,21639,824.2,824.2,824.16,-79.42672544340789,-4.386132212189007,1.3,1.68,53.05,18.82,0.0,132.06,0.59,0.54,0.0
0,266.6,266.6,0,6080319150,6080032100,6080319330,6080032100,3,67108088,21640,333.5,333.5,333.52,-79.43490497912717,-4.625039131512324,1.37,1.87,56.96,20.88,0.0,88.51,0.53,0.36,0.0
0,289.8,289.8,0,6080304460,6080032100,6080308930,6080032100,1,67108099,21641,1325.7,1325.7,1325.71,-79.25598298610855,-4.234256639277763,1.36,1.84,55.65,22.26,0.0,175.13,0.54,0.67,0.0
0,289.8,289.8,0,6080304270,6080032100,6080308930,6080032100,2,67108098,21642,480.3,480.4,480.34,-79.36181052857157,-3.877297327402197,1.5,2.26,59.13,20.33,0.0,116.85,0.44,0.43,0.0
0,85.3,85.3,0,6080303660,6080032280,6080032280,6080032280,1,67109083,21651,244.9,3642.5,244.87,-80.34668314737931,-3.9724150124557087,1.56,2.44,46.56,13.84,0.0,86.68,0.41,0.32,0.0
0,85.3,85.3,0,6080303650,6080032280,6080032280,6080032280,2,67109082,21652,677.6,677.6,677.6,-80.45331702268935,-4.126930564062332,1.88,3.55,47.08,10.67,0.0,173.94,0.28,0.52,0.0
0,99.1,99.1,0,6080304600,6080032280,6080303660,6080032280,2,67109084,21653,312.1,312.2,312.06,-80.22731368559877,-4.063003734331122,1.38,1.9,39.8,13.98,0.0,86.28,0.53,0.35,0.0
0,99.3,99.3,0,6080304340,6080032280,6080303660,6080032280,1,67109085,21654,1506.3,3085.5,1506.35,-79.95314449890704,-3.873827275931029,1.72,2.96,49.79,17.01,0.0,236.7,0.34,0.74,0.0
0,179.5,179.5,0,6080299250,6080032280,6080304340,6080032280,1,67109087,21655,119.6,1189.7,119.62,-79.68371480119343,-3.7515510390233406,1.44,2.08,40.2,19.85,0.31,55.93,0.48,0.22,0.0
0,179.5,179.5,0,6080299450,6080032280,6080304340,6080032280,2,67109086,21656,389.4,389.4,389.42,-79.59756811683505,-3.8971910548822977,1.36,1.84,55.64,21.98,0.62,94.97,0.54,0.38,0.0
0,192.6,192.6,0,6080297010,6080032280,6080299250,6080032280,2,67109088,21657,535.8,535.8,535.8,-79.57958463670364,-3.6075459311096885,1.28,1.65,57.44,21.32,0.0,105.4,0.61,0.44,0.0
0,192.8,192.8,0,6080297280,6080032280,6080299250,6080032280,1,67109089,21658,534.5,534.5,534.49,-79.49235498632383,-3.7522563696760884,1.33,1.77,57.59,20.99,0.0,108.89,0.57,0.44,0.0
0,27.6,27.6,0,6080285250,6080032400,6080032400,6080032400,2,67201042,21663,330.7,330.7,330.65,-79.74382531865561,-3.454651789330038,1.39,1.92,60.74,17.09,0.0,89.32,0.52,0.36,0.0
0,27.8,27.8,0,6080285080,6080032400,6080032400,6080032400,1,67201043,21664,838.3,4175.9,838.25,-79.60667582869665,-3.33630942921356,1.43,2.05,57.62,19.49,0.0,147.05,0.49,0.55,0.0
0,73.3,73.3,0,6080284410,6080032400,6080285080,6080032400,2,67201044,21665,354.0,354.0,354.03,-79.41344364833803,-3.1676949143997803,1.46,2.12,55.69,17.34,0.0,97.1,0.47,0.37,0.0
0,73.5,73.5,0,6080284600,6080032400,6080285080,6080032400,1,67201045,21666,604.8,2983.5,604.81,-79.41395967664837,-3.4034582526440564,1.54,2.36,61.13,19.09,0.0,134.03,0.42,0.48,0.0
0,92.1,92.1,0,6080285520,6080032400,6080284600,6080032400,2,67201046,21667,840.5,840.6,840.52,-79.20732803601105,-3.2113838199188462,1.26,1.58,63.14,16.14,0.0,129.18,0.63,0.54,0.0
0,92.3,92.3,0,6080285600,6080032400,6080284600,6080032400,1,67201047,21668,163.0,1538.4,162.96,-79.285696105885,-3.4153459861074986,1.36,1.84,64.5,20.17,0.31,61.35,0.54,0.26,0.0
0,110.9,110.9,0,6080289300,6080032400,6080285600,6080032400,1,67201049,21669,819.7,820.0,819.66,-79.09561073849508,-3.4058828266559167,1.53,2.34,59.88,14.12,0.0,155.36,0.43,0.55,0.0
0,110.9,110.9,0,6080289410,6080032400,6080285600,6080032400,2,67201048,21670,555.6,555.6,555.63,-79.26507978897901,-3.6024672892274134,1.35,1.84,58.63,17.65,0.0,113.26,0.54,0.45,0.0
0,5.3,5.3,0,6080266390,6080032550,6080032550,6080032550,2,67201062,21681,388.6,388.8,388.6,-79.56658139015052,-2.4773850781196964,1.82,3.3,48.91,2.76,0.0,126.97,0.3,0.4,0.0
0,5.5,5.5,0,6080266500,6080032550,6080032550,6080032550,1,67201063,21682,49.3,2592.1,49.33,-79.69191446845574,-2.6304805702674225,1.74,3.04,8.72,1.01,0.0,43.38,0.33,0.15,0.0
0,8.2,8.2,0,6080266510,6080032550,6080266500,6080032550,1,67201065,21683,65.4,2334.0,65.37,-79.57827517554868,-2.552685049088326,1.52,2.32,8.11,1.23,0.0,43.63,0.43,0.17,0.0
0,8.2,8.2,0,6080266610,6080032550,6080266500,6080032550,2,67201064,21684,208.9,209.1,208.88,-79.54051484833296,-2.632806922788842,1.53,2.34,46.68,8.07,0.0,78.43,0.43,0.29,0.0
0,26.1,26.1,0,6080265090,6080032550,6080266510,6080032550,1,67201067,21685,159.8,1831.8,159.76,-79.43377875613776,-2.5454973514761967,1.39,1.94,45.52,5.18,0.0,62.33,0.52,0.26,0.0
0,26.1,26.1,0,6080265250,6080032550,6080266510,6080032550,2,67201066,21686,437.0,437.0,436.97,-79.36754928950796,-2.7263884203405278,1.57,2.47,59.07,22.57,0.0,116.57,0.4,0.41,0.0
0,45.6,45.6,0,6080264200,6080032550,6080265090,6080032550,1,67201069,21687,1377.5,1377.5,1377.49,-79.01926481202949,-2.5397747969066464,1.76,3.12,61.88,18.69,0.0,232.28,0.32,0.71,0.0
0,45.9,45.9,0,6080264310,6080032550,6080265090,6080032550,2,67201068,21688,294.7,294.8,294.74,-79.28721437197146,-2.6500362856279045,1.58,2.49,62.8,22.99,0.0,95.96,0.4,0.34,0.0
0,26.0,26.0,0,6080256490,6080032610,6080032610,6080032610,1,67202300,21693,263.8,13570.4,263.83,-79.93582843690427,-2.064850160294494,1.39,1.95,24.53,3.58,0.0,80.34,0.51,0.32,0.0
0,26.0,26.0,0,6080256400,6080032610,6080032610,6080032610,2,67202210,21694,200.0,18748.7,200.04,-79.8139284021408,-2.0893749749058554,1.44,2.06,22.38,0.96,0.0,72.02,0.48,0.28,0.0
0,56.1,56.1,0,6080252690,6080032610,6080256400,6080032610,3,67202221,21695,375.2,4845.2,375.24,-79.63537380652323,-2.050983948677004,1.59,2.53,7.18,0.95,0.0,109.26,0.39,0.39,0.0
0,56.3,56.3,0,6080252630,6080032610,6080256400,6080032610,2,67202230,21696,331.5,13703.3,331.49,-79.76179128485776,-1.9467923343973974,2.04,4.16,35.44,1.4,0.0,131.69,0.24,0.38,0.0
0,64.3,64.3,0,6080251400,6080032610,6080256490,6080032610,2,67202400,21697,1597.1,1597.2,1597.12,-79.78990809711038,-1.4687202634149636,2.38,5.65,25.92,1.88,0.0,336.69,0.18,0.8,0.0
0,64.5,64.5,0,6080251530,6080032610,6080256490,6080032610,1,67202501,21698,12.9,11709.8,12.94,-80.00276032015357,-1.9701276754408465,1.63,2.64,18.43,2.36,0.0,20.73,0.38,0.08,0.0
0,67.2,67.2,0,6080251100,6080032610,6080251530,6080032610,1,67202503,21699,7.0,11436.3,6.96,-80.0143014231424,-1.943515714502095,1.37,1.88,15.45,1.6,0.0,12.84,0.53,0.06,0.0
0,67.2,67.2,0,6080251330,6080032610,6080251530,6080032610,2,67202502,21700,260.5,260.6,260.53,-80.05008222409013,-2.067220469814358,1.52,2.3,36.7,6.37,0.0,86.72,0.44,0.32,0.0
0,69.4,69.4,0,6080250770,6080032610,6080251100,6080032610,1,67202505,21701,141.3,11154.0,141.35,-80.06462364658267,-1.9013681457011113,1.81,3.28,16.58,1.42,0.0,76.38,0.3,0.25,0.0
0,69.4,69.4,0,6080250760,6080032610,6080251100,6080032610,2,67202504,21702,275.2,275.2,275.2,-80.14952126133834,-2.01401431415624,1.58,2.5,28.26,5.69,0.0,92.96,0.4,0.33,0.0
0,72.1,72.1,0,6080255220,6080032610,6080252690,6080032610,4,67202222,21703,341.6,341.7,341.6,-79.50290889584107,-2.144173572957657,1.42,2.01,7.02,1.01,0.0,92.88,0.5,0.36,0.0
0,72.3,72.3,0,6080255320,6080032610,6080252690,6080032610,3,67202223,21704,186.4,4128.5,186.43,-79.60581698421217,-2.193713040325013,2.25,5.05,7.84,1.08,0.0,108.76,0.2,0.29,0.0
0,76.3,76.3,0,6080250010,6080032610,6080252630,6080032610,3,67202240,21705,887.6,887.6,887.59,-79.40087088144055,-2.016276658044568,1.63,2.66,60.66,2.18,0.0,172.13,0.38,0.58,0.0
0,76.5,76.5,0,6080249860,6080032610,6080252630,6080032610,2,67202250,21706,2.7,12484.4,2.68,-79.66064055022257,-1.8860070121124368,1.12,1.26,5.25,1.14,0.0,6.51,0.79,0.04,0.0
0,78.0,78.0,0,6080249480,6080032610,6080249860,6080032610,2,67202270,21707,1525.5,5041.5,1525.46,-79.6481220904332,-1.422237978432964,2.3,5.29,18.0,1.81,0.0,318.55,0.19,0.78,0.0
0,78.0,78.0,0,6080249330,6080032610,6080249860,6080032610,3,67202261,21708,76.5,7440.0,76.49,-79.63817569248799,-1.8465372046191497,1.32,1.75,6.08,1.0,0.0,41.01,0.57,0.18,0.0
0,83.3,83.3,0,6080248490,6080032610,6080250770,6080032610,1,67202507,21709,66.2,9669.8,66.16,-79.99666408136432,-1.8142205488017074,1.37,1.89,5.58,1.22,0.0,39.62,0.53,0.17,0.0
0,83.3,83.3,0,6080248690,6080032610,6080250770,6080032610,2,67202506,21710,1342.9,1342.9,1342.91,-80.32062671283518,-1.8531620054275708,1.57,2.46,36.8,5.36,0.0,203.56,0.41,0.69,0.0
0,89.4,89.4,0,6080248100,6080032610,6080249330,6080032610,4,67202262,21711,837.5,837.5,837.54,-79.60900620601953,-1.5536644107056852,1.61,2.58,9.2,1.28,0.0,164.74,0.39,0.56,0.0
0,89.6,89.6,0,6080248110,6080032610,6080249330,6080032610,3,67202263,21712,252.5,6526.4,252.53,-79.55157876818194,-1.7719213767336506,1.33,1.76,8.27,0.84,0.0,74.77,0.57,0.31,0.0
0,92.4,92.4,0,6080246990,6080032610,6080248490,6080032610,1,67202509,21713,565.7,9465.8,565.72,-80.04778456558961,-1.6744743514029925,1.29,1.67,24.57,1.72,0.0,109.04,0.6,0.45,0.0
0,92.4,92.4,0,6080247090,6080032610,6080248490,6080032610,2,67202508,21714,138.1,138.1,138.06,-80.13808390935829,-1.7764026354834972,1.65,2.74,25.37,2.17,0.0,68.95,0.36,0.24,0.0
0,106.4,106.4,0,6080257720,6080032610,6080255320,6080032610,4,67202224,21715,1526.2,1526.2,1526.2,-78.89396137996953,-2.248220593017033,2.03,4.12,60.94,17.06,0.0,280.99,0.24,0.76,0.0
0,106.6,106.6,0,6080257620,6080032610,6080255320,6080032610,3,67202225,21716,413.9,2416.0,413.92,-79.12391300613214,-2.1653821453693376,2.03,4.14,61.29,16.01,0.0,146.69,0.24,0.42,0.0
0,108.3,108.3,0,6080246580,6080032610,6080248110,6080032610,4,67202264,21717,1694.1,1694.5,1694.11,-79.23270382209996,-1.8458519912722597,1.26,1.58,73.34,12.48,0.0,183.32,0.63,0.74,0.0
0,108.5,108.5,0,6080246480,6080032610,6080248110,6080032610,3,67202265,21718,1239.2,4579.1,1239.19,-79.3403512072555,-1.5784148887331728,1.6,2.55,71.07,9.12,0.0,199.43,0.39,0.67,0.0
0,144.2,144.2,0,6080240420,6080032610,6080246990,6080032610,2,67202600,21719,1521.0,1521.6,1521.05,-80.30075818320246,-1.5526657868070408,1.9,3.6,45.15,7.42,0.0,262.3,0.28,0.75,0.0
0,144.4,144.4,0,6080240430,6080032610,6080246990,6080032610,1,67202700,21720,255.1,7378.6,255.1,-79.95420500117213,-1.4437905646786344,1.36,1.86,9.88,1.71,0.0,77.23,0.54,0.32,0.0
0,152.4,152.4,0,6080238140,6080032610,6080246480,6080032610,4,67202266,21721,453.8,453.8,453.82,-79.18186356205528,-1.4313943007827479,1.67,2.79,72.77,18.69,0.0,126.1,0.36,0.42,0.0
0,152.6,152.6,0,6080238040,6080032610,6080246480,6080032610,3,67202267,21722,415.1,2886.3,415.11,-79.3587487562541,-1.3275139234175277,2.34,5.5,69.11,8.72,0.0,169.34,0.18,0.43,0.0
0,162.6,162.6,0,6080236520,6080032610,6080238040,6080032610,4,67202268,21723,1464.1,1464.3,1464.13,-79.06919575997946,-1.2093412687579823,1.53,2.34,77.58,18.61,0.0,207.69,0.43,0.72,0.0
0,162.8,162.8,0,6080236440,6080032610,6080238040,6080032610,3,67202269,21724,1006.7,1006.8,1006.73,-79.24140066081405,-1.0789300983207883,1.84,3.39,72.4,10.44,0.0,207.06,0.3,0.62,0.0
0,168.1,168.1,0,6080254000,6080032610,6080257620,6080032610,3,67202227,21725,168.8,1566.9,168.82,-79.04609858976727,-1.9995679368013033,1.28,1.65,65.03,22.46,0.0,59.12,0.61,0.26,0.0
0,168.1,168.1,0,6080254060,6080032610,6080257620,6080032610,4,67202226,21726,435.2,435.2,435.19,-78.91908280652117,-2.0548687506132004,1.29,1.68,73.32,23.87,0.31,95.77,0.6,0.4,0.0
0,182.8,182.8,0,6080236260,6080032610,6080240430,6080032610,1,67202901,21727,67.7,5621.0,67.69,-79.87983899585149,-1.3040651799713525,1.32,1.74,9.97,2.31,0.0,38.49,0.57,0.17,0.0
0,182.8,182.8,0,6080236250,6080032610,6080240430,6080032610,2,67202800,21728,1503.0,1503.0,1503.02,-80.18948893085964,-1.3195446731118545,1.57,2.46,48.46,9.18,0.0,215.5,0.41,0.73,0.0
0,187.5,187.5,0,6080250650,6080032610,6080254000,6080032610,3,67202229,21729,1113.6,1113.6,1113.56,-78.96865151571798,-1.6214273227538283,1.53,2.36,67.13,17.95,0.0,181.63,0.42,0.63,0.0
0,187.5,187.5,0,6080250780,6080032610,6080254000,6080032610,4,67202228,21730,284.7,284.7,284.7,-78.9046044802257,-1.8658782241251166,1.4,1.95,69.92,24.69,0.31,83.58,0.51,0.33,0.0
0,193.5,193.5,0,6080234470,6080032610,6080236260,6080032610,2,67202902,21731,699.6,699.9,699.61,-79.68776992632534,-1.040589473217916,1.9,3.62,14.48,3.1,0.0,178.5,0.28,0.53,0.0
0,193.7,193.7,0,6080234460,6080032610,6080236260,6080032610,1,67202903,21732,994.8,4853.5,994.77,-79.84991740109149,-0.9885717929635944,1.78,3.16,40.27,7.24,0.0,198.74,0.32,0.61,0.0
0,237.6,237.6,0,6080227610,6080032610,6080249480,6080032610,2,67202290,21733,2176.5,2176.5,2176.56,-79.23491084986938,-0.5917985671932585,1.47,2.16,73.03,9.15,0.0,243.04,0.46,0.86,0.0
0,237.6,237.6,0,6080227780,6080032610,6080249480,6080032610,3,67202280,21734,1339.6,1339.6,1339.63,-79.12760059359016,-0.8427663928916518,1.53,2.34,73.14,15.18,0.0,198.41,0.43,0.69,0.0
0,254.1,254.1,0,6080225970,6080032610,6080234460,6080032610,1,67202905,21735,177.7,2597.0,177.69,-79.70631542423578,-0.7861335443689642,1.97,3.89,29.35,5.01,0.0,93.24,0.26,0.28,0.0
0,254.1,254.1,0,6080226300,6080032610,6080234460,6080032610,2,67202904,21736,1261.9,1262.1,1261.9,-79.47970917106304,-0.5819757372074925,1.8,3.26,23.36,3.35,0.0,227.29,0.31,0.69,0.0
0,275.3,275.3,0,6080222980,6080032610,6080225970,6080032610,1,67202907,21737,286.8,2045.4,286.84,-79.64621888909271,-0.6047860182152037,1.47,2.17,23.32,4.92,0.0,88.47,0.46,0.34,0.0
0,275.3,275.3,0,6080222970,6080032610,6080225970,6080032610,2,67202906,21738,373.6,373.7,373.61,-79.79526191970558,-0.6762681211146349,1.27,1.6,40.66,11.37,0.0,86.79,0.62,0.37,0.0
0,311.3,311.3,0,6080217780,6080032610,6080222980,6080032610,1,67202909,21739,350.7,350.7,350.66,-79.41214645274655,-0.328814280972268,1.96,3.82,20.88,3.71,0.0,129.82,0.26,0.39,0.0
0,311.3,311.3,0,6080217770,6080032610,6080222980,6080032610,2,67202908,21740,1408.1,1408.3,1408.13,-79.75992519240287,-0.4147604435500982,1.51,2.28,51.99,11.1,0.0,201.02,0.44,0.7,0.0
0,179.4,179.4,0,6080210630,6080033220,6080205100,6080033220,2,67204047,21783,573.5,2749.0,573.54,-79.07055042264412,-0.25725222109267154,1.57,2.47,50.23,8.84,0.0,133.47,0.4,0.47,0.0
0,223.3,223.3,0,6080214690,6080033220,6080210630,6080033220,3,67204048,21787,637.3,637.3,637.35,-78.75419272669946,-0.39066848946070887,1.42,2.01,67.94,21.99,0.0,126.74,0.5,0.48,0.0
0,223.5,223.5,0,6080214760,6080033220,6080210630,6080033220,2,67204049,21788,1538.0,1538.1,1537.98,-78.86211306794728,-0.6621766055924314,1.67,2.78,68.73,19.4,0.0,231.95,0.36,0.74,0.0
0,248.6,248.6,0,6080209340,6080033220,6080204520,6080033220,1,67204090,21789,2689.5,2690.0,2689.54,-78.41480125458514,-0.36254372460396905,1.42,2.01,64.33,11.79,0.0,260.78,0.5,0.94,0.0
0,3788.8,3788.8,0,6080254140,6080007000,6080261060,6080007000,4,62297842,8788,2756.4,2756.6,2756.41,-75.2791460141293,-2.026662951213324,1.98,3.91,14.38,2.36,0.0,367.97,0.26,1.0,0.0
0,3875.9,3875.9,0,6080228110,6080007000,6080237750,6080007000,2,62297871,8959,307.7,31222.7,307.69,-75.33396196791269,-0.9978117547896949,1.41,1.98,13.1,2.01,0.0,87.51,0.5,0.35,0.0
0,3876.1,3876.1,0,6080228030,6080007000,6080237750,6080007000,3,62297861,8960,1124.5,13404.5,1124.54,-75.37728499135709,-0.756283537537707,1.85,3.41,15.3,1.75,0.0,219.65,0.29,0.65,0.0
0,3892.6,3892.6,0,6080241940,6080007000,6080254080,6080007000,4,62297844,9005,2982.8,2982.8,2982.81,-75.67965179968697,-1.2007957581764537,2.37,5.63,15.02,2.46,0.0,459.34,0.18,1.06,0.0
0,3892.8,3892.8,0,6080242210,6080007000,6080254080,6080007000,3,62297845,9006,1907.9,16297.1,1907.93,-75.46527484292197,-1.470292652375926,1.53,2.34,18.96,2.48,0.0,236.64,0.43,0.81,0.0
0,3901.6,3901.6,0,6080226900,6080007000,6080228110,6080007000,3,62297872,9021,3425.2,3425.5,3425.22,-75.9800449011831,-0.9219626403290085,1.83,3.36,16.8,2.58,0.0,380.23,0.3,1.09,0.0
0,3901.8,3901.8,0,6080226830,6080007000,6080228110,6080007000,2,62297873,9022,174.6,27489.4,174.64,-75.46932403418425,-0.882788721773602,1.31,1.71,18.37,1.91,0.0,61.24,0.59,0.26,0.0
0,3923.3,3923.3,0,6080224870,6080007000,6080226830,6080007000,2,62297875,9057,1248.9,22891.8,1248.87,-75.88495707840134,-0.6106564461629493,2.07,4.29,15.63,1.39,0.0,259.51,0.23,0.7,0.0
0,3923.3,3923.3,0,6080224950,6080007000,6080226830,6080007000,3,62297874,9058,4423.9,4423.9,4423.89,-76.5616925825815,-0.7531453576373559,2.39,5.71,21.86,3.48,0.0,563.21,0.18,1.28,0.0
0,3923.7,3923.7,0,6080221020,6080007000,6080228030,6080007000,3,62297863,9061,2023.7,10768.2,2023.68,-75.70762840422668,-0.45323722623368135,1.78,3.17,14.76,1.37,0.0,284.03,0.32,0.85,0.0
0,3923.7,3923.7,0,6080221030,6080007000,6080228030,6080007000,4,62297862,9062,1511.5,1512.0,1511.55,-75.41780553993826,-0.38491140824680536,1.58,2.5,11.87,1.95,0.0,217.74,0.4,0.73,0.0
0,3962.3,3962.3,0,6080240810,6080007000,6080242210,6080007000,4,62297846,9126,5433.2,5433.5,5433.26,-76.52798458691603,-1.2006587306744263,2.14,4.58,26.89,3.48,0.0,559.47,0.22,1.38,0.0
0,3962.4,3962.4,0,6080240960,6080007000,6080242210,6080007000,3,62297847,9128,6817.9,8955.8,6817.93,-76.5028724454091,-1.5255927513273604,2.24,5.03,41.59,3.94,0.0,656.68,0.2,1.54,0.0
0,4008.9,4008.9,0,6080276650,6080007000,6080279650,6080007000,4,62298249,9189,2895.1,2895.1,2895.12,-76.31641212506206,-2.47878986308002,2.85,8.1,20.91,4.3,0.0,542.95,0.12,1.08,0.0
0,4009.1,4009.1,0,6080276640,6080007000,6080279650,6080007000,5,62298248,9190,1738.1,1738.1,1738.12,-76.18048267395812,-2.810852397140495,1.99,3.97,17.0,3.63,0.0,294.5,0.25,0.81,0.0
0,4011.0,4011.0,0,6080217460,6080007000,6080224870,6080007000,2,62297877,9191,1115.2,20765.7,1115.22,-76.49995457608448,-0.4585859958957303,2.32,5.38,21.59,2.65,0.0,274.62,0.19,0.67,0.0
0,4011.0,4011.0,0,6080217320,6080007000,6080224870,6080007000,3,62297876,9192,876.7,876.7,876.67,-76.44486791568389,-0.3086316578032653,2.22,4.94,15.19,2.04,0.0,233.3,0.2,0.6,0.0
0,4038.0,4038.0,0,6080257200,6080007000,6080261830,6080007000,4,62298269,9229,1280.3,1280.3,1280.33,-75.69942538752575,-1.9926063801935758,1.84,3.4,10.68,2.43,0.0,233.77,0.29,0.69,0.0
0,4058.1,4058.1,0,6080309670,6080007000,6080315900,6080007000,4,62298632,9265,2991.9,2991.9,2991.94,-76.92895130920469,-3.3909590881436076,2.63,6.93,12.71,1.35,0.0,510.44,0.14,1.08,0.0
0,4077.7,4077.7,0,6080217050,6080007000,6080217460,6080007000,3,62297878,9287,708.0,708.0,707.96,-76.83163938229319,-0.24046161481512285,1.76,3.1,14.35,2.23,0.0,166.16,0.32,0.52,0.0
0,4077.9,4077.9,0,6080217190,6080007000,6080217460,6080007000,2,62297879,9288,1095.1,18942.4,1095.15,-76.86775497594954,-0.4446809803926604,1.78,3.17,23.04,3.07,0.0,208.71,0.32,0.64,1.8130000000000002
0,4114.5,4114.5,0,6080254960,6080007000,6080257000,6080007000,4,62298281,9327,222.2,3621.2,222.23,-76.05336364460655,-2.037515435375416,1.37,1.89,9.27,2.29,0.0,72.6,0.53,0.3,0.0
0,4114.7,4114.7,0,6080254950,6080007000,6080257000,6080007000,3,62298291,9328,286.4,3686.4,286.35,-76.1453656468779,-2.117002726315887,1.62,2.64,8.98,2.19,0.0,97.47,0.38,0.34,0.0
0,4123.3,4123.3,0,6080217940,6080007000,6080217190,6080007000,2,62297891,9333,6.9,12278.8,6.92,-76.98350832524359,-0.4846676453158329,1.22,1.48,10.41,2.67,0.0,11.35,0.68,0.06,2.508
0,4125.9,4125.9,0,6080218060,6080007000,6080217940,6080007000,2,62297893,9337,578.1,10259.2,578.06,-77.1419088530621,-0.5872305166515441,1.38,1.9,25.35,2.97,0.0,117.5,0.53,0.46,50.451
0,4125.9,4125.9,0,6080218010,6080007000,6080217940,6080007000,3,62297892,9338,2012.4,2012.6,2012.39,-77.3017229998306,-0.3750691849682919,1.45,2.09,60.97,7.47,0.0,230.09,0.48,0.82,109.283
0,4132.6,4132.6,0,6080252010,6080007000,6080254960,6080007000,4,62298283,9347,14.9,3219.6,14.93,-76.12569455050557,-1.9893739108169894,1.39,1.92,8.84,2.48,0.0,18.99,0.52,0.09,0.0
0,4132.8,4132.8,0,6080251900,6080007000,6080254960,6080007000,5,62298282,9348,179.6,179.6,179.65,-76.00263018068489,-1.9442478346438303,1.44,2.08,9.12,2.54,0.0,68.45,0.48,0.27,0.0
0,4136.0,4136.0,0,6080254730,6080007000,6080254950,6080007000,3,62298293,9351,370.1,2965.7,370.13,-76.30634506076123,-2.0536214724073285,1.44,2.06,11.1,2.41,0.0,97.97,0.48,0.38,0.0
0,4136.0,4136.0,0,6080254940,6080007000,6080254950,6080007000,4,62298292,9352,434.0,434.1,433.96,-76.28684746042488,-2.2494252888367066,1.32,1.75,13.85,2.7,0.0,97.69,0.57,0.4,0.0
0,4136.1,4136.1,0,6080251600,6080007000,6080252010,6080007000,4,62298285,9353,1099.3,2598.5,1099.32,-76.4038257550191,-1.837381637681031,1.51,2.3,13.91,2.45,0.0,178.09,0.44,0.63,0.0
0,4136.1,4136.1,0,6080251610,6080007000,6080252010,6080007000,5,62298284,9354,606.1,606.1,606.07,-76.1654556458449,-1.814916524594386,1.56,2.45,11.62,2.56,0.0,136.48,0.41,0.48,0.0
0,4159.7,4159.7,0,6080222030,6080007000,6080218060,6080007000,3,62297894,9381,1906.9,1907.3,1906.94,-77.47132404337633,-0.6838657521210717,1.63,2.65,70.19,10.55,0.0,252.05,0.38,0.82,99.518
0,4159.9,4159.9,0,6080222040,6080007000,6080218060,6080007000,2,62297895,9382,1896.3,7773.6,1896.32,-77.57811393554134,-1.0839248217792274,2.52,6.38,52.7,6.58,0.0,389.81,0.16,0.87,157.512
0,4164.0,4164.0,0,6080253150,6080007000,6080254730,6080007000,3,62298295,9385,182.7,2322.2,182.69,-76.49080980876478,-2.1215514023904114,1.95,3.8,21.53,4.02,0.0,93.45,0.26,0.29,0.0
0,4164.0,4164.0,0,6080253420,6080007000,6080254730,6080007000,4,62298294,9386,273.6,273.7,273.55,-76.41180511216979,-2.170061839269973,1.29,1.67,17.46,3.05,0.0,75.77,0.6,0.32,0.0
0,4176.1,4176.1,0,6080252390,6080007000,6080253150,6080007000,3,62298297,9395,396.7,1322.9,396.7,-76.6048748282168,-1.920525909682131,1.42,2.02,17.98,4.15,0.0,100.39,0.49,0.39,0.0
0,4176.1,4176.1,0,6080252490,6080007000,6080253150,6080007000,4,62298296,9396,816.5,816.5,816.52,-76.6955514047299,-2.018438465211968,2.06,4.23,20.89,4.91,0.0,208.34,0.24,0.57,0.0
0,4212.6,4212.6,0,6080245450,6080007000,6080251600,6080007000,4,62298287,9419,88.8,1055.3,88.76,-76.62203465592933,-1.6822047275742924,1.31,1.72,12.51,2.89,0.0,43.79,0.58,0.19,0.0
0,4212.6,4212.6,0,6080245640,6080007000,6080251600,6080007000,5,62298286,9420,443.9,443.9,443.92,-76.80002459209472,-1.7571244132356245,2.05,4.2,17.7,5.05,0.0,153.02,0.24,0.43,0.0
0,4213.3,4213.3,0,6080211350,6080007000,6080217860,6080007000,4,62297882,9421,471.8,471.8,471.79,-77.54843190267499,-0.23470177772853187,1.39,1.92,60.67,13.18,0.0,106.76,0.52,0.42,42.048
0,4213.5,4213.5,0,6080211220,6080007000,6080217860,6080007000,3,62297883,9422,416.8,4147.3,416.81,-77.56100611487875,-0.1059716677836687,1.82,3.33,67.03,17.7,0.0,132.07,0.3,0.41,73.481
0,4215.4,4215.4,0,6080235580,6080007000,6080240960,6080007000,3,62297849,9423,643.8,643.8,643.77,-77.33542413978005,-1.1588003498156978,2.63,6.94,38.26,6.7,0.0,236.94,0.14,0.53,4.338
0,4215.6,4215.6,0,6080235770,6080007000,6080240960,6080007000,4,62297848,9424,1494.5,1494.5,1494.54,-77.37720920122938,-1.2776479672968553,1.51,2.29,48.95,7.61,0.0,207.24,0.44,0.72,0.0
0,4220.4,4220.4,0,6080244880,6080007000,6080245450,6080007000,4,62298289,9433,809.6,809.6,809.56,-76.98843459381744,-1.61306168999743,2.05,4.2,27.65,6.28,0.0,206.8,0.24,0.57,0.0
0,4220.4,4220.4,0,6080245070,6080007000,6080245450,6080007000,5,62298288,9434,157.0,157.1,156.98,-76.75660958036794,-1.7030365248746329,1.49,2.21,13.88,3.93,0.0,66.02,0.45,0.26,0.0
0,4220.8,4220.8,0,6080249230,6080007000,6080252390,6080007000,3,62298299,9435,632.7,632.7,632.74,-77.11232608921009,-1.7424982108124647,2.59,6.73,30.25,7.24,0.0,231.35,0.15,0.53,0.0
0,4220.8,4220.8,0,6080249120,6080007000,6080252390,6080007000,4,62298298,9436,293.5,293.5,293.49,-76.94791013288092,-1.7718682514341724,1.96,3.86,18.81,5.67,0.0,119.24,0.26,0.36,0.0
0,4252.7,4252.7,0,6080274220,6080007000,6080279240,6080007000,4,62298649,9463,1433.1,1433.2,1433.08,-77.17624073414378,-2.4959568940822328,2.39,5.71,31.3,2.27,0.0,320.78,0.18,0.76,0.0
0,4252.7,4252.7,0,6080274050,6080007000,6080279240,6080007000,5,62298648,9464,362.1,362.2,362.09,-76.90746299296572,-2.6990931056848577,2.07,4.3,16.39,3.16,0.0,139.92,0.23,0.39,0.0
0,4258.6,4258.6,0,6080273770,6080007000,6080278680,6080007000,4,62298656,9467,390.6,390.7,390.57,-76.45116283775636,-2.699659615170843,1.79,3.21,13.72,3.5,0.0,125.52,0.31,0.4,0.0
0,4260.6,4260.6,0,6080229640,6080007000,6080222040,6080007000,2,62297897,9471,1247.0,4182.4,1247.04,-77.94264785328387,-1.194549392891252,1.5,2.25,58.83,12.46,0.0,187.74,0.44,0.66,88.566
0,4260.6,4260.6,0,6080229530,6080007000,6080222040,6080007000,3,62297896,9472,1695.1,1695.1,1695.12,-77.77836637528375,-0.7939297502569108,1.46,2.12,61.72,14.03,0.0,212.43,0.47,0.76,96.005
0,4271.8,4271.8,0,6080293670,6080007000,6080302110,6080007000,3,62298817,9483,1892.4,27015.1,1892.37,-77.8915879618091,-3.342799585650411,1.51,2.27,68.28,9.47,0.0,232.56,0.44,0.81,0.0
0,4280.1,4280.1,0,6080212420,6080007000,6080211220,6080007000,3,62297885,9489,336.9,2795.0,336.9,-77.72567559139162,-0.3074076907101852,1.57,2.47,68.11,19.99,0.0,102.22,0.41,0.37,35.928
0,4291.7,4291.7,0,6080269460,6080007000,6080273660,6080007000,3,62298659,9507,253.3,22094.8,253.31,-76.62443690742751,-2.631085412076216,1.58,2.49,13.2,2.46,0.0,89.09,0.4,0.32,0.0
0,4291.7,4291.7,0,6080269600,6080007000,6080273660,6080007000,4,62298658,9508,442.0,442.1,442.04,-76.76888666690851,-2.7078072788744203,1.39,1.94,13.94,2.53,0.0,103.7,0.52,0.41,0.0
0,4301.7,4301.7,0,6080214850,6080007000,6080212420,6080007000,3,62297887,9511,324.9,1736.1,324.89,-77.82553641384362,-0.4157581002298173,1.6,2.56,65.41,22.0,0.0,102.19,0.39,0.36,32.397
0,4301.9,4301.9,0,6080214840,6080007000,6080212420,6080007000,4,62297886,9513,722.0,722.1,722.05,-77.97591180732692,-0.23427665116929972,1.47,2.17,63.39,22.75,0.0,140.32,0.46,0.52,54.816
0,4307.4,4307.4,0,6080229970,6080007000,6080229640,6080007000,2,62297899,9519,1970.3,1970.3,1970.26,-78.16071802760685,-0.7640134899865334,1.55,2.39,64.17,19.83,0.0,243.39,0.42,0.82,97.077
0,4307.6,4307.6,0,6080230120,6080007000,6080229640,6080007000,3,62297898,9520,965.3,965.6,965.35,-78.2205585608088,-1.0288726673091209,1.57,2.47,68.09,22.99,0.0,173.11,0.4,0.59,69.714
0,4310.1,4310.1,0,6080266240,6080007000,6080269460,6080007000,3,62298671,9523,798.0,18466.0,798.03,-76.83545962833344,-2.372235962032431,1.93,3.74,17.8,4.64,0.0,193.78,0.27,0.56,0.0
0,4310.1,4310.1,0,6080266110,6080007000,6080269460,6080007000,4,62298661,9524,519.0,3375.3,519.01,-76.65973548476659,-2.4258793942283132,1.42,2.01,16.44,3.54,0.0,114.58,0.5,0.44,0.0
0,4320.5,4320.5,0,6080217660,6080007000,6080214850,6080007000,3,62297889,9533,509.5,509.5,509.5,-77.93205485690207,-0.5852567855207627,1.5,2.26,75.41,20.46,0.0,120.29,0.44,0.44,54.833
0,4320.7,4320.7,0,6080217500,6080007000,6080214850,6080007000,4,62297888,9534,902.1,902.1,902.13,-78.0762150271258,-0.4243668681507846,1.45,2.1,61.93,20.61,0.0,154.2,0.48,0.57,53.904
0,4325.2,4325.2,0,6080284420,6080007000,6080303670,6080007000,3,62298765,9538,2257.1,8103.7,2257.07,-77.53625515625626,-3.0053386554696115,1.59,2.53,43.41,2.65,0.0,267.95,0.4,0.88,0.0
0,4338.2,4338.2,0,6080265400,6080007000,6080266240,6080007000,3,62298673,9549,1042.9,15896.1,1042.93,-77.20593517784917,-2.2663492934786977,2.22,4.95,24.24,3.53,0.0,254.61,0.2,0.65,0.0
0,4338.4,4338.4,0,6080265270,6080007000,6080266240,6080007000,4,62298672,9550,1772.4,1772.4,1772.36,-77.15816592454702,-2.1315134356002825,1.99,3.97,23.02,5.9,0.0,297.46,0.25,0.81,0.0
0,4352.7,4352.7,0,6080259490,6080007000,6080266110,6080007000,5,62298662,9561,304.7,304.8,304.69,-76.81135971835879,-2.1354886540193303,1.82,3.31,16.31,4.88,0.0,112.62,0.3,0.36,0.0
0,4352.9,4352.9,0,6080259480,6080007000,6080266110,6080007000,4,62298663,9562,235.6,2551.5,235.61,-76.84084270235627,-2.1915205292803606,1.96,3.84,20.82,4.21,0.0,106.56,0.26,0.32,0.0
0,4365.9,4365.9,0,6080276510,6080007000,6080293670,6080007000,4,62298818,9569,1150.9,1151.1,1150.86,-77.97456008097532,-2.830028723841725,1.34,1.79,75.72,16.68,0.0,160.97,0.56,0.63,0.0
0,4366.1,4366.1,0,6080276770,6080007000,6080293670,6080007000,3,62298819,9570,1466.4,23971.6,1466.41,-78.15764194010568,-3.182578890318546,1.67,2.79,69.06,17.37,0.0,226.9,0.36,0.73,0.0
0,4395.5,4395.5,0,6080274340,6080007000,6080284420,6080007000,4,62298766,9597,1260.6,1260.9,1260.64,-77.87401206842674,-2.564208666643083,1.68,2.82,63.3,14.58,0.0,211.21,0.36,0.68,0.0
0,4395.7,4395.7,0,6080274350,6080007000,6080284420,6080007000,3,62298767,9598,1355.0,4586.0,1355.04,-77.67055115270097,-2.6388268586927195,1.76,3.11,64.73,5.9,0.0,230.01,0.32,0.71,0.0
0,4398.5,4398.5,0,6080253270,6080007000,6080259480,6080007000,5,62298664,9603,367.4,367.5,367.4,-77.10047482695676,-1.920488766882998,1.62,2.63,19.17,5.4,0.0,110.19,0.38,0.38,0.0
0,4398.7,4398.7,0,6080253410,6080007000,6080259480,6080007000,4,62298665,9604,128.4,1948.2,128.43,-77.08149310843947,-2.0091229431412883,2.13,4.52,26.02,5.87,0.0,85.42,0.22,0.25,0.0
0,4426.5,4426.5,0,6080276760,6080007000,6080276770,6080007000,3,62298830,9625,1428.5,11387.0,1428.53,-78.44101807116873,-3.173257498181813,1.42,2.0,71.2,20.15,0.0,189.67,0.5,0.7,0.0
0,4426.5,4426.5,0,6080276620,6080007000,6080276770,6080007000,4,62298821,9626,761.4,11118.5,761.44,-78.31325784751324,-2.892182624167397,1.39,1.94,68.47,17.07,0.0,136.42,0.51,0.52,0.0
0,4433.9,4433.9,0,6080270810,6080007000,6080274350,6080007000,3,62298769,9631,1746.8,1747.1,1746.82,-77.52733212922178,-2.3677696130622414,2.6,6.75,57.38,5.41,0.0,384.98,0.15,0.84,0.0
0,4433.9,4433.9,0,6080270610,6080007000,6080274350,6080007000,4,62298768,9632,1483.9,1483.9,1483.87,-77.58095313130084,-2.4086876008860547,1.77,3.14,60.89,6.86,0.0,241.9,0.32,0.74,0.0
0,4440.7,4440.7,0,6080254410,6080007000,6080265400,6080007000,3,62298675,9639,1129.2,13812.3,1129.2,-77.89451870231929,-2.0117914701486814,2.02,4.09,49.94,6.17,0.0,240.92,0.24,0.66,0.0
0,4440.9,4440.9,0,6080254250,6080007000,6080265400,6080007000,4,62298674,9640,1040.9,1041.0,1040.89,-77.65058046722376,-1.877283489902425,1.52,2.31,33.81,6.93,0.0,173.72,0.43,0.61,0.0
0,4443.2,4443.2,0,6080250300,6080007000,6080253410,6080007000,4,62298667,9641,403.0,1285.9,403.03,-77.41331851705571,-1.7743538696003027,1.76,3.12,33.32,7.78,0.0,125.62,0.32,0.4,0.0
0,4443.2,4443.2,0,6080250230,6080007000,6080253410,6080007000,5,62298666,9642,534.1,534.1,534.14,-77.41088693367388,-1.6714194942578144,1.94,3.76,30.57,7.41,0.0,158.88,0.27,0.47,0.0
0,4459.1,4459.1,0,6080341250,6080007000,6080345090,6080007000,3,62298945,9651,1094.1,5196.9,1094.09,-78.97370305225337,-5.098012141414194,1.39,1.94,59.42,19.39,0.0,163.43,0.51,0.62,0.0
0,4459.1,4459.1,0,6080341260,6080007000,6080345090,6080007000,4,62298944,9652,1437.7,1437.7,1437.72,-78.76970075306909,-4.884823344307071,1.55,2.41,70.03,19.17,0.0,208.52,0.42,0.71,0.0
0,4461.7,4461.7,0,6080270380,6080007000,6080276620,6080007000,5,62298822,9653,3911.4,3911.4,3911.38,-78.22532617931208,-2.363989048850637,1.54,2.37,76.38,17.18,0.0,341.09,0.42,1.13,0.0
0,4461.9,4461.9,0,6080270370,6080007000,6080276620,6080007000,4,62298823,9654,9.5,6445.9,9.49,-78.29116161829448,-2.751210908860053,1.15,1.32,35.46,12.8,0.31,12.57,0.75,0.07,0.0
0,4465.9,4465.9,0,6080269960,6080007000,6080270370,6080007000,4,62298825,9660,2192.0,5646.9,2191.99,-78.59921943750146,-2.595111935997673,1.77,3.12,76.6,21.56,0.0,293.24,0.32,0.88,0.0
0,4465.9,4465.9,0,6080270180,6080007000,6080270370,6080007000,5,62298824,9661,789.5,789.5,789.51,-78.51825356198879,-2.8506028419069747,1.55,2.4,60.64,24.81,0.0,154.17,0.42,0.54,0.0
0,4493.8,4493.8,0,6080287380,6080007000,6080276760,6080007000,3,62298850,9681,1689.2,8464.1,1689.2,-78.55432862081044,-3.6500168043216514,1.48,2.2,55.53,13.61,0.0,215.97,0.46,0.76,0.0
0,4494.0,4494.0,0,6080287370,6080007000,6080276760,6080007000,4,62298840,9682,1494.1,1494.3,1494.12,-78.71981627695662,-3.3375762188259337,1.39,1.93,67.71,21.11,0.0,190.4,0.52,0.71,0.0
0,4497.9,4497.9,0,6080244420,6080007000,6080250300,6080007000,4,62298669,9687,719.7,719.9,719.72,-77.74266330951437,-1.5782985667221945,1.37,1.87,41.51,8.55,0.0,129.98,0.54,0.51,3.874
0,4497.9,4497.9,0,6080244650,6080007000,6080250300,6080007000,5,62298668,9688,162.5,162.6,162.49,-77.63874972987368,-1.7365901777217043,1.44,2.06,30.4,7.46,0.0,64.93,0.48,0.26,0.0
0,4504.8,4504.8,0,6080248840,6080007000,6080254410,6080007000,3,62298677,9693,854.1,11184.7,854.12,-77.95214694779203,-1.6222284028066962,1.57,2.46,35.8,4.43,0.0,162.37,0.41,0.56,0.0
0,4504.8,4504.8,0,6080248940,6080007000,6080254410,6080007000,4,62298676,9694,1498.9,1498.9,1498.9,-78.23241116128179,-1.8581670641924835,1.8,3.25,76.86,18.59,0.0,247.51,0.31,0.74,0.0
0,4510.0,4510.0,0,6080332700,6080007000,6080341250,6080007000,3,62298947,9695,945.7,2875.7,945.67,-79.15566077108052,-4.822091028035937,1.6,2.57,61.78,21.71,0.0,174.67,0.39,0.59,0.0
0,4510.0,4510.0,0,6080332800,6080007000,6080341250,6080007000,4,62298946,9696,1226.8,1227.2,1226.85,-79.25980872893679,-5.034945352226446,1.4,1.95,61.21,24.96,0.0,173.46,0.51,0.65,0.0
0,4541.2,4541.2,0,6080325610,6080007000,6080332700,6080007000,3,62298949,9719,1168.7,1168.7,1168.72,-79.01848553947599,-4.52167561978411,1.55,2.39,58.52,21.07,0.31,187.53,0.42,0.65,0.0
0,4541.2,4541.2,0,6080325770,6080007000,6080332700,6080007000,4,62298948,9720,761.7,761.9,761.73,-79.22748553594523,-4.625913204914117,1.31,1.71,58.15,24.65,0.31,128.08,0.58,0.52,0.0
0,4549.0,4549.0,0,6080243910,6080007000,6080248840,6080007000,3,62298679,9725,1501.0,9372.8,1501.01,-78.2664741766274,-1.3494129588384658,1.61,2.58,68.32,22.78,0.0,220.75,0.39,0.73,0.0
0,4549.0,4549.0,0,6080244010,6080007000,6080248840,6080007000,4,62298678,9726,957.7,957.7,957.66,-78.18763245443144,-1.6461335851737524,1.38,1.9,65.54,19.39,0.0,151.24,0.53,0.58,0.0
0,4549.1,4549.1,0,6080297290,6080007000,6080287380,6080007000,4,62298860,9727,2434.3,2434.5,2434.26,-78.74459814225885,-4.27433635235313,1.63,2.67,65.64,16.2,0.0,285.68,0.37,0.92,0.0
0,4549.3,4549.3,0,6080297120,6080007000,6080287380,6080007000,3,62298870,9728,560.5,4340.6,560.52,-78.76652458883729,-3.792576293726842,1.58,2.51,52.05,17.96,0.0,132.89,0.4,0.46,0.0
0,4568.7,4568.7,0,6080273280,6080007000,6080269960,6080007000,5,62298826,9747,951.3,951.3,951.33,-78.81339313349983,-3.0607412442545905,1.44,2.09,67.74,16.64,0.0,158.0,0.48,0.58,0.0
0,4568.9,4568.9,0,6080273270,6080007000,6080269960,6080007000,4,62298827,9748,1624.4,2504.0,1624.39,-78.98461041802734,-2.812828639699819,1.66,2.76,57.38,14.77,0.0,237.49,0.36,0.76,0.0
0,4584.4,4584.4,0,6080302200,6080007000,6080297120,6080007000,3,62298890,9753,2268.5,2269.0,2268.52,-79.05784731970438,-3.990150077952419,1.55,2.39,57.86,21.94,0.0,260.97,0.42,0.88,0.0
0,4584.6,4584.6,0,6080301970,6080007000,6080297120,6080007000,4,62298880,9754,1511.1,1511.1,1511.15,-78.95719849487023,-3.652860938615024,1.55,2.39,66.65,20.16,0.0,213.17,0.42,0.73,0.0
0,4600.7,4600.7,0,6080274470,6080007000,6080273270,6080007000,4,62298829,9767,410.7,410.7,410.67,-79.22715972589688,-2.95602068472306,1.69,2.87,50.26,13.11,0.0,121.67,0.35,0.41,0.0
0,4600.7,4600.7,0,6080274660,6080007000,6080273270,6080007000,5,62298828,9768,468.7,468.7,468.68,-79.08323581556762,-3.0376928781734613,1.34,1.79,57.09,13.79,0.0,102.76,0.56,0.42,0.0
0,4625.9,4625.9,0,6080237530,6080007000,6080243910,6080007000,4,62298681,9779,289.9,4295.6,289.94,-78.5007761520494,-1.301222543856052,1.43,2.06,60.87,18.33,0.0,86.62,0.49,0.34,0.0
0,4626.1,4626.1,0,6080237740,6080007000,6080243910,6080007000,3,62298691,9780,149.8,3576.4,149.75,-78.52955093116519,-1.4693733288066348,1.38,1.92,53.85,19.25,0.0,60.07,0.52,0.25,0.0
0,4641.4,4641.4,0,6080240270,6080007000,6080237740,6080007000,3,62298693,9787,276.1,3195.9,276.05,-78.50661512768946,-1.6308749215013938,1.45,2.12,68.91,21.6,0.0,85.68,0.47,0.33,0.0
0,4641.4,4641.4,0,6080240170,6080007000,6080237740,6080007000,4,62298692,9788,230.4,230.5,230.41,-78.42460686865398,-1.565266930252469,1.31,1.72,64.36,20.84,0.0,70.56,0.58,0.3,0.0
0,4650.5,4650.5,0,6080233760,6080007000,6080237530,6080007000,5,62298682,9795,1318.7,1318.7,1318.74,-78.7309205824092,-1.3213492544455119,1.23,1.51,60.21,13.34,0.0,158.27,0.66,0.66,0.0
0,4650.7,4650.7,0,6080233620,6080007000,6080237530,6080007000,4,62298683,9796,256.5,2687.2,256.54,-78.5728998482372,-1.1425558443695756,1.24,1.54,52.79,9.71,0.0,70.42,0.65,0.31,0.0
0,4660.2,4660.2,0,6080243610,6080007000,6080240270,6080007000,3,62298695,9801,84.4,2528.6,84.43,-78.56960695690387,-1.70222826026781,1.19,1.41,48.08,15.05,0.0,38.63,0.71,0.19,0.0
0,4660.4,4660.4,0,6080243330,6080007000,6080240270,6080007000,4,62298694,9802,391.1,391.4,391.11,-78.6795504809324,-1.5631277780032165,1.33,1.76,63.3,10.16,0.0,92.96,0.57,0.38,0.0
0,4670.0,4670.0,0,6080245310,6080007000,6080243610,6080007000,3,62298697,9805,606.0,1906.5,606.03,-78.53458519653005,-1.8607951997738872,1.48,2.2,54.91,20.69,0.0,129.37,0.46,0.48,0.0
0,4670.0,4670.0,0,6080245200,6080007000,6080243610,6080007000,4,62298696,9806,538.2,538.2,538.18,-78.75525531817539,-1.6647855611194298,1.67,2.79,57.37,12.79,0.0,137.42,0.36,0.46,0.0
0,4673.4,4673.4,0,6080230480,6080007000,6080233620,6080007000,4,62298685,9807,12.0,2018.8,11.97,-78.59316834534165,-1.0707444768607854,1.23,1.51,34.17,7.62,0.0,15.05,0.66,0.08,0.0
0,4673.4,4673.4,0,6080230380,6080007000,6080233620,6080007000,5,62298684,9808,411.7,411.7,411.74,-78.43088738088882,-1.0685450371295204,1.39,1.93,57.44,12.13,0.0,99.96,0.52,0.39,0.0
0,4678.3,4678.3,0,6080230110,6080007000,6080230480,6080007000,4,62298687,9811,709.5,1753.8,709.51,-78.61335593517362,-0.9492543449929858,1.49,2.23,52.9,9.32,0.0,141.01,0.45,0.51,0.983
0,4678.5,4678.5,0,6080230300,6080007000,6080230480,6080007000,5,62298686,9812,253.3,253.3,253.28,-78.74172555008458,-1.0781143739499792,1.46,2.14,50.27,15.02,0.0,82.55,0.47,0.32,0.0
0,4694.8,4694.8,0,6080249870,6080007000,6080245310,6080007000,3,62298699,9821,703.4,703.4,703.44,-78.58043431949743,-2.1084391903656368,1.66,2.75,60.16,17.46,0.0,155.89,0.36,0.52,0.0
0,4695.0,4695.0,0,6080249510,6080007000,6080245310,6080007000,4,62298698,9822,596.9,597.1,596.86,-78.75129327657865,-1.9052005345773286,1.48,2.2,42.71,13.48,0.0,128.55,0.45,0.47,0.0
0,4701.3,4701.3,0,6080225820,6080007000,6080230110,6080007000,4,62298689,9825,768.4,768.4,768.43,-78.54015470759852,-0.7447384113413318,1.31,1.71,54.1,9.46,0.0,128.59,0.58,0.52,0.0
0,4701.3,4701.3,0,6080225810,6080007000,6080230110,6080007000,5,62298688,9826,275.7,275.8,275.68,-78.73063395551948,-0.8151912947839123,1.49,2.22,49.42,10.45,0.0,87.71,0.45,0.33,0.0
0,0.0,0.0,0,6080032360,6080032360,0,6080032360,1,67201020,21660,1222.2,1222.2,1222.19,-79.90982542664798,-3.5504938547695386,1.3,1.68,55.53,9.14,0.0,160.6,0.6,0.64,0.0
0,0.0,0.0,0,6080032400,6080032400,0,6080032400,1,67201041,21662,196.7,4702.8,196.7,-79.89461948067434,-3.266378719111614,1.59,2.53,5.56,0.79,0.0,79.11,0.39,0.29,0.0
0,0.0,0.0,0,6080032430,6080032430,0,6080032430,1,67201052,21672,326.2,326.4,326.25,-79.75763066635086,-3.1941262829266566,1.61,2.6,54.95,9.95,0.0,103.34,0.38,0.36,0.0
0,0.0,0.0,0,6080032490,6080032490,0,6080032490,1,67201054,21674,647.5,647.5,647.46,-79.590064793034,-3.047975596238861,1.54,2.39,61.61,18.67,0.0,139.34,0.42,0.49,0.0
0,0.0,0.0,0,6080032510,6080032510,0,6080032510,1,67201056,21676,1143.6,1143.6,1143.56,-79.54806991646609,-2.8897607287194016,1.54,2.38,56.42,15.08,0.0,184.78,0.42,0.64,0.0
0,0.0,0.0,0,6080032530,6080032530,0,6080032530,1,67201058,21678,450.8,451.1,450.77,-79.61476672792966,-2.723625472033878,1.5,2.25,54.2,10.04,0.0,112.98,0.44,0.42,0.0
0,0.0,0.0,0,6080032550,6080032550,0,6080032550,1,67201061,21680,14.9,2995.9,14.93,-79.69461918103543,-2.587763753280656,1.3,1.69,10.39,1.47,0.0,17.82,0.59,0.08,0.0
0,0.0,0.0,0,6080032580,6080032580,0,6080032580,1,67201080,21690,1823.1,1823.3,1823.15,-79.42123066985398,-2.3528451030073367,1.66,2.77,53.59,6.3,0.0,251.8,0.36,0.8,0.0
0,0.0,0.0,0,6080032610,6080032610,0,6080032610,1,67202100,21692,364.9,32684.0,364.91,-79.78306917925333,-2.243465257659035,2.0,3.99,20.38,0.9,0.0,135.19,0.25,0.39,0.0
0,0.0,0.0,0,6080032650,6080032650,0,6080032650,1,67203012,21742,563.7,563.7,563.73,-80.11011670636879,-2.1915443358057,1.55,2.42,35.18,4.63,0.0,130.92,0.41,0.46,0.0
0,0.0,0.0,0,6080032670,6080032670,0,6080032670,1,67203014,21744,759.8,760.1,759.84,-80.22291627354112,-2.3307739193303894,1.51,2.29,25.55,3.38,0.0,147.72,0.44,0.53,0.0
0,0.0,0.0,0,6080032690,6080032690,0,6080032690,1,67203016,21746,272.2,272.2,272.24,-80.2882781491018,-2.4656131784998996,1.58,2.48,16.22,2.76,0.0,92.17,0.4,0.33,0.0
0,0.0,0.0,0,6080032710,6080032710,0,6080032710,1,67203018,21748,246.0,246.2,246.02,-80.36427170589867,-2.520968069090898,1.39,1.92,22.29,2.54,0.0,77.07,0.52,0.31,0.0
0,0.0,0.0,0,6080032740,6080032740,0,6080032740,1,67203020,21750,1068.0,1068.0,1068.05,-80.511996675184,-2.2692788620758493,1.43,2.05,28.24,3.62,0.0,165.78,0.49,0.61,0.0
0,0.0,0.0,0,6080032800,6080032800,0,6080032800,1,67203032,21752,977.9,978.0,977.86,-80.52402221812967,-2.0250296231923963,1.47,2.16,47.64,7.03,0.0,163.05,0.46,0.59,0.0
0,0.0,0.0,0,6080032840,6080032840,0,6080032840,1,67203034,21754,547.7,547.7,547.7,-80.65051532285489,-1.669250054466051,1.56,2.45,54.99,14.68,0.0,129.81,0.41,0.46,0.0
0,0.0,0.0,0,6080032860,6080032860,0,6080032860,1,67203036,21756,305.8,306.0,305.83,-80.64497803713321,-1.5006152289584973,1.73,2.99,46.52,11.97,0.0,107.21,0.33,0.36,0.0
0,0.0,0.0,0,6080032900,6080032900,0,6080032900,1,67203038,21758,314.0,314.0,314.04,-80.63579053912609,-1.2370472208118806,1.46,2.13,45.06,7.77,0.0,91.76,0.47,0.35,0.0
0,0.0,0.0,0,6080032970,6080032970,0,6080032970,1,67203040,21760,2074.8,2074.9,2074.85,-80.36266403227843,-1.0850066232709208,1.53,2.33,52.4,11.3,0.0,246.36,0.43,0.84,0.0
0,0.0,0.0,0,6080032990,6080032990,0,6080032990,1,67203060,21762,2365.4,2365.7,2365.39,-80.09615788680972,-0.7807636779111006,1.43,2.05,55.95,10.36,0.0,246.72,0.49,0.89,0.0
0,0.0,0.0,0,6080033050,6080033050,0,6080033050,1,67203080,21764,1368.2,1368.2,1368.19,-80.13962804904094,-0.3445817911906881,1.42,2.01,46.53,9.74,0.0,186.08,0.5,0.69,0.0
1,0.0,0.0,0,6080032290,6080032290,0,6080032290,0,67201010,21659,1688.2,1688.2,1688.23,-80.20145494096074,-3.630035195047104,1.59,2.52,40.81,4.29,0.0,231.28,0.4,0.77,0.0
1,0.0,0.0,0,6080032370,6080032370,0,6080032370,0,67201030,21661,493.1,493.1,493.06,-80.08210489724414,-3.341968663314122,2.31,5.35,18.36,1.28,0.0,182.05,0.19,0.46,0.0
1,0.0,0.0,0,6080032410,6080032410,0,6080032410,0,67201051,21671,125.3,125.3,125.27,-79.86761300338497,-3.1843312119002087,2.19,4.8,34.4,1.03,0.0,86.93,0.21,0.24,0.0
1,0.0,0.0,0,6080032440,6080032440,0,6080032440,0,67201053,21673,289.4,289.4,289.35,-79.7388367766651,-3.0997374560918733,1.51,2.28,63.49,10.33,0.0,91.03,0.44,0.34,0.0
1,0.0,0.0,0,6080032500,6080032500,0,6080032500,0,67201055,21675,58.5,58.7,58.53,-79.77654949305204,-2.9563213530542916,1.9,3.61,7.39,1.1,0.0,51.53,0.28,0.17,0.0
1,0.0,0.0,0,6080032520,6080032520,0,6080032520,0,67201057,21677,100.3,100.3,100.29,-79.77993022223933,-2.8044323483477003,2.0,4.01,8.9,1.05,0.0,71.13,0.25,0.22,0.0
1,0.0,0.0,0,6080032540,6080032540,0,6080032540,0,67201059,21679,34.4,34.4,34.36,-79.75965258988559,-2.669764244652894,2.27,5.15,9.55,1.84,0.0,47.15,0.19,0.14,0.0
1,0.0,0.0,0,6080032560,6080032560,0,6080032560,0,67201070,21689,170.5,170.5,170.48,-79.73944260959045,-2.550189296425683,1.9,3.62,12.71,1.79,0.0,88.11,0.28,0.28,0.0
1,0.0,0.0,0,6080032590,6080032590,0,6080032590,0,67201090,21691,206.5,206.5,206.51,-79.82962642497911,-2.531563221240588,2.64,6.97,11.66,1.99,0.0,134.53,0.14,0.32,0.0
1,0.0,0.0,0,6080032620,6080032620,0,6080032620,0,67203011,21741,686.3,686.3,686.3,-79.94449907853817,-2.4350683806008804,2.9,8.43,40.75,1.7,0.0,269.57,0.12,0.56,0.0
1,0.0,0.0,0,6080032660,6080032660,0,6080032660,0,67203013,21743,171.2,171.2,171.25,-80.04993784436897,-2.3678196350159504,1.75,3.08,9.59,1.93,0.0,81.38,0.32,0.27,0.0
1,0.0,0.0,0,6080032700,6080032700,0,6080032700,0,67203017,21747,102.2,102.5,102.18,-80.21742209925269,-2.5879750890556514,1.92,3.67,8.47,1.31,0.0,68.66,0.27,0.22,0.0
1,0.0,0.0,0,6080032720,6080032720,0,6080032720,0,67203019,21749,596.8,596.8,596.78,-80.45488694729558,-2.5408923055417336,1.79,3.19,29.73,2.43,0.0,154.71,0.31,0.49,0.0
1,0.0,0.0,0,6080032750,6080032750,0,6080032750,0,67203031,21751,730.9,730.9,730.85,-80.77756662844754,-2.2307613801931905,1.72,2.96,21.45,2.07,0.0,164.85,0.34,0.53,0.0
1,0.0,0.0,0,6080032810,6080032810,0,6080032810,0,67203033,21753,438.6,438.6,438.62,-80.68724953890948,-1.8332884009928434,1.68,2.84,44.15,10.28,0.0,125.05,0.35,0.42,0.0
1,0.0,0.0,0,6080032870,6080032870,0,6080032870,0,67203037,21757,488.5,488.5,488.54,-80.67187737947822,-1.379795159991503,1.83,3.37,46.84,11.57,0.0,143.74,0.3,0.44,0.0
1,0.0,0.0,0,6080032910,6080032910,0,6080032910,0,67203039,21759,1083.4,1083.4,1083.41,-80.72190358237168,-1.069798427994789,1.69,2.86,50.29,5.28,0.0,197.31,0.35,0.63,0.0
1,0.0,0.0,0,6080032980,6080032980,0,6080032980,0,67203050,21761,413.6,413.6,413.55,-80.40907039538355,-0.7266825276028536,1.33,1.78,44.3,9.55,0.0,96.14,0.56,0.39,0.0
1,0.0,0.0,0,6080033000,6080033000,0,6080033000,0,67203070,21763,852.7,852.7,852.7,-80.34059523199241,-0.47043494014673926,1.78,3.19,37.83,9.01,0.0,184.76,0.31,0.57,0.0
